,is_buyer,buy_freq,visit_freq,buy_interval,sv_interval,expected_time_buy,expected_time_visit,last_buy,last_visit,multiple_buy,multiple_visit,uniq_urls,num_checkins
max,1.0,15.0,75.0,174.625,183.4167,80.40408000000001,89.64811999999999,188.0,188.0,1.0,1.0,206.0,37091.0
min,0.0,1.0,0.0,0.0,0.0,-181.9238,-187.6156,0.0,0.0,0.0,0.0,-1.0,1.0
mean,0.04247104247104247,1.2641277641277642,1.905353229677554,0.192337796055515,5.91740746231866,-0.1543584661849109,-10.367894019268489,64.19618073672127,64.19618073672127,0.006469790253574037,0.2809141187519566,86.5332881143692,716.4606073254722
var,0.04066937497669461,0.8932503452798667,9.871031085759133,15.064833153968046,310.1392041851994,21.5851844490846,1033.1256166458136,2848.2902353472355,2848.2902353472355,0.006428267467181162,0.20201191675651237,3834.3454350212646,1618549.9631494086
std,0.20166649443250262,0.9451192227861344,3.1418197093021,3.8813442457437404,17.61076955119223,4.645985842540267,32.14227149169476,53.36937544460527,53.36937544460527,0.08017647701901826,0.449457358106987,61.92209165573515,1272.2224503401158
missing%,0.0,95.75289575289575,0.0,0.0,0.0,0.0,0.0,0.0,0.0,0.0,0.0,0.0,0.0
